Complexity,Loss,Equation
1,4.1616206,"2.9406922"
3,0.62563914,"5.388092 - x1"
5,0.0052196262,"(0.60520536 ^ x1) * 7.8386016"
6,0.0052196207,"sqrt(0.36627066 ^ x1) * 7.838758"
8,0.004871047,"(sqrt(0.37731227 ^ x1) * 7.899525) + -0.09384521"
10,0.004501597,"(x1 + 6.3181677) / exp((0.32150495 - x1) * -0.6273735)"
