Complexity,Loss,Equation
1,2.3455894,"2.2287614"
3,0.20561987,"4.6761403 - x1"
5,0.13876304,"-6.0847626 / (-0.92956114 - x1)"
6,0.0021087152,"exp((x1 / -2.0116062) + 1.7742388)"
10,0.0017262484,"(x1 + 5.5054684) / exp((0.085787736 - x1) * -0.64075774)"
