Complexity,Loss,Equation
1,6.6951647,"2.9690516"
2,5.054838,"abs(x2)"
3,0.110141896,"x2 * x2"
4,0.00799536,"abs(x2) ^ 1.9172794"
