Complexity,Loss,Equation
1,0.060332675,"0.28158632"
4,0.007703102,"abs(x2) * 0.2041938"
5,0.0001828897,"x2 * (x2 * 0.08792914)"
6,0.00013075347,"sin(x2 * (x2 * 0.09467049))"
7,0.00012918853,"(x2 * (x2 * 0.08540306)) ^ 0.95236784"
