Complexity,Loss,Equation
1,3.3928275,"2.0955758"
2,1.310607,"abs(x2)"
4,0.062241267,"abs(x2) ^ 1.5573463"
5,0.004934348,"x2 * (x2 * 0.65676665)"
7,0.00462644,"(x2 * (x2 * 0.65676665)) - -0.019071206"
