{
    "train_loss": [
        0.21082620825618506,
        0.020870328592136504,
        0.01947656130697578,
        0.018981474447064103,
        0.01881567260529846,
        0.01767835701070726,
        0.01777211917936802,
        0.01725198987312615,
        0.017750925173982978,
        0.0193168258741498,
        0.017144704690203072,
        0.017454931028187275,
        0.01645611329935491,
        0.018242491358891128,
        0.017760149505920707,
        0.017205553010106088,
        0.01815697044413537,
        0.017373514451086522,
        0.017120322600007058,
        0.01643123771902174,
        0.016903029404580595,
        0.016377152448520064,
        0.016506327432580292,
        0.016436736110597847,
        0.016482450769282876,
        0.01658647911157459,
        0.016723709385376425,
        0.01722644918784499,
        0.016562209005467593,
        0.017467888697981833,
        0.016604764146730303,
        0.01655481258034706,
        0.016966259739827363,
        0.01592047203425318,
        0.01763143072742969,
        0.0167146213860251,
        0.016653734695166348,
        0.01680723990686238,
        0.016739002984948455,
        0.01615761092118919,
        0.016390706406440587,
        0.01612299928534776,
        0.016618542479351163,
        0.016072715843096375,
        0.015753188739530744,
        0.016688789078965784,
        0.016476385671645402,
        0.016268359129317105,
        0.016501810824498534,
        0.016003671144135298,
        0.01660779882501811,
        0.016360181061550974,
        0.01584142434876412,
        0.01551726820366457,
        0.016904316215775907,
        0.016194226897321643,
        0.015978123766370117,
        0.01527454011561349,
        0.015951800466515124,
        0.015878194654360415,
        0.015576620507985353,
        0.016214011839590967
    ],
    "validation_loss": [
        0.01842452669143677,
        0.014298434510827065,
        0.016577604368329047,
        0.018241636473685503,
        0.01597018812596798,
        0.015256657168269157,
        0.019127178512513637,
        0.019019187770783902,
        0.01572293671965599,
        0.013617024816572666,
        0.016040623042732478,
        0.016449247408658267,
        0.014466680198907853,
        0.014057433925569058,
        0.016416625741869213,
        0.018237875275313856,
        0.018142095416784288,
        0.027027984499931334,
        0.014792278051376343,
        0.014004469480365515,
        0.015275769647210837,
        0.013499388419091702,
        0.014583133518695831,
        0.013371257990598679,
        0.014424999963492155,
        0.012965293318033219,
        0.02164187156409025,
        0.014857062138617039,
        0.015595436252653598,
        0.013522816311568021,
        0.013873943354934455,
        0.01502851676940918,
        0.014241428419947624,
        0.013909486223012208,
        0.016251082621514798,
        0.015787721298635007,
        0.01547416988760233,
        0.012608891692012549,
        0.019964512176811694,
        0.016501663085073233,
        0.013590898662805558,
        0.013525761395692825,
        0.014809237495064735,
        0.014148201625794173,
        0.014466623403131961,
        0.016430342599749567,
        0.012540982183068991,
        0.014016260147094726,
        0.015719127792865037,
        0.01443796207010746,
        0.014425883818417787,
        0.014817953776568174,
        0.017032544746994973,
        0.014597150973975659,
        0.017988025039434433,
        0.015002900399267674,
        0.0139893559217453,
        0.01505022062547505,
        0.013774088945239783,
        0.014308073423802853,
        0.018404756672680378,
        0.014291841827332974
    ],
    "training_time": 25.034362316131592,
    "model_details": "layers-3_neurons-64-64-64"
}