{
    "train_loss": [
        0.050363305890001354,
        0.0012898213111329825,
        0.0013451480900403111,
        0.0013064404816832394,
        0.0013718394301831722,
        0.0013525554947555066,
        0.0013782949950546027,
        0.0013662944128736854,
        0.0014234023387543857,
        0.0014215292721055448,
        0.0014274857934797182,
        0.0014290795507840813,
        0.0014222599579952657,
        0.0013562034484930336,
        0.001387603290611878,
        0.0013752549479249866,
        0.0013788603835273533,
        0.0013738688726443798
    ],
    "validation_loss": [
        0.0013549212287180127,
        0.001641317998059094,
        0.001236575823277235,
        0.0019145493861287832,
        0.0013793609049171209,
        0.0013605514727532864,
        0.0013339450312778354,
        0.0014665749575942756,
        0.0013672813139855862,
        0.0013701002141460776,
        0.0012733579212799667,
        0.0013854626212269068,
        0.0013494380759075284,
        0.0016860937206074596,
        0.001286611490417272,
        0.0013208128372207285,
        0.0014018877064809203,
        0.0017503906385973097
    ],
    "training_time": 6.815202474594116,
    "model_details": "layers-3_neurons-64-64-64"
}