{
    "train_loss": [
        0.16434339395537972,
        0.01401955352909863,
        0.011085711408406496,
        0.01064355881139636,
        0.010144849749282002,
        0.009214237926527858,
        0.00932809089589864,
        0.009114378493279219,
        0.009285041168332099,
        0.009402027355507016,
        0.009488496403209866,
        0.009401419872418045,
        0.010207086824811995,
        0.009347979934886098,
        0.009144500659778714,
        0.009102889895439148,
        0.009001987155526876,
        0.009073471914976835,
        0.009114831870421768,
        0.008811907595954835,
        0.00938240628875792,
        0.008439958936534823,
        0.008619813098572194,
        0.008758289729245007,
        0.008928620126098394
    ],
    "validation_loss": [
        0.019547438189387322,
        0.011944903176277876,
        0.01095939132757485,
        0.011772747859358787,
        0.009123793054372073,
        0.011579056680202484,
        0.00968921934813261,
        0.009041658535599708,
        0.010916922394186259,
        0.007925474704243242,
        0.009086616959422826,
        0.012153881184756755,
        0.008242426875978709,
        0.010882903959602118,
        0.00883129833638668,
        0.008633082918822765,
        0.008945882527157663,
        0.010923558309674264,
        0.009042139096185566,
        0.00857156046666205,
        0.00861107961088419,
        0.009015850126743316,
        0.012141538556665181,
        0.009705903325229883,
        0.00839801538735628
    ],
    "training_time": 10.78935718536377,
    "model_details": "layers-3_neurons-64-64-64"
}