{
    "train_loss": [
        0.3797520255073905,
        0.15151986921951174,
        0.09703291213233024,
        0.0753622379116714,
        0.0612462436305359,
        0.04779806363629177,
        0.041924808828160166,
        0.03231000048923306,
        0.03678882911778055,
        0.03046941824769601,
        0.02664858222892508,
        0.028776556299068033,
        0.027701698925346137,
        0.02271629723440856,
        0.01996645220229402,
        0.02447653895942494,
        0.02994254616741091,
        0.02284954607486725,
        0.019879740782547742,
        0.020730247585568577,
        0.02455990857561119,
        0.017812566148117184,
        0.0162617427110672,
        0.01989015526138246,
        0.016189384154742584,
        0.01602954421634786,
        0.015714205093914642,
        0.018719355614855885,
        0.015232499612960965,
        0.016385006968164816,
        0.014743171409936622,
        0.015313195173628629,
        0.017481577746453696,
        0.015939862696221097,
        0.013082866134122014,
        0.01338241267716512,
        0.012845261147711427,
        0.012447298632469028,
        0.020947081624763088,
        0.013339467737590894,
        0.009163297848775983,
        0.019084889282938094,
        0.012413976311450824,
        0.010329942410462535,
        0.01145803942263592,
        0.021782995894085617,
        0.011929069984471425,
        0.014280871034134179,
        0.014287813040195033
    ],
    "validation_loss": [
        0.14544235447049142,
        0.07889063200354576,
        0.05968519034981728,
        0.041385715052485464,
        0.03040393714606762,
        0.035754308477044104,
        0.03900444157421589,
        0.026046351231634617,
        0.018453990157693625,
        0.0215799042545259,
        0.01513882365077734,
        0.016589580174535514,
        0.016990991286933422,
        0.026311612248420716,
        0.014927299082279206,
        0.060432060167193415,
        0.021109085485339164,
        0.024026730239391326,
        0.012442349437624216,
        0.018270654214546083,
        0.011176370720379055,
        0.007861607868224383,
        0.015884457759559153,
        0.010935208022594452,
        0.016810521930456162,
        0.01084533477947116,
        0.007431881563737988,
        0.009368309706449508,
        0.04615888270735741,
        0.009529146561399103,
        0.017566528748720885,
        0.01516476471349597,
        0.017305416017770768,
        0.005552069247700274,
        0.015401623098179698,
        0.02497847529128194,
        0.006995621081441641,
        0.006785627396777272,
        0.009123270314186811,
        0.005949807762168348,
        0.02137731826119125,
        0.008542890522629023,
        0.009849333055317402,
        0.0076752640791237356,
        0.013242257356643677,
        0.01888037042878568,
        0.01345840947329998,
        0.04496486972272396,
        0.010028374906629323
    ],
    "training_time": 20.50895047187805,
    "model_details": "layers-3_neurons-64-64-64"
}