{
    "train_loss": [
        0.176645273597911,
        0.006233367710374296,
        0.004690725607797503,
        0.0032559203119017182,
        0.00256694535096176,
        0.002168470596661791,
        0.002098315170267597,
        0.0021128447072114795,
        0.00205828566593118,
        0.0019807778771501034,
        0.002419440659461543,
        0.001974957104539499,
        0.0021192365335300565,
        0.0018401053911074996,
        0.0020449939658865332,
        0.0019703195344191043,
        0.0021755920788273215,
        0.002059532738989219,
        0.0018774582264013588,
        0.0020830404760781678,
        0.0018919631300959737,
        0.0019967201855033635,
        0.0021090417683590204,
        0.001991544164950028,
        0.0019091873113065959,
        0.0017745042166206985,
        0.0019370431692805141,
        0.0018592428769916296,
        0.0018251425370108337,
        0.0019080892058555036
    ],
    "validation_loss": [
        0.008025030873715878,
        0.004763951491564512,
        0.004960315734148025,
        0.0024992346158251165,
        0.0030924018025398252,
        0.0018410271087195725,
        0.0020228984961286186,
        0.002014922557398677,
        0.0021607476458884774,
        0.0019645219035446643,
        0.0016975059555843473,
        0.00208947192132473,
        0.0017142963940277695,
        0.0016655185197014361,
        0.001563044084236026,
        0.0026421887576580047,
        0.0016966872862540186,
        0.0021196642629802225,
        0.004208962943404913,
        0.0025853568706661464,
        0.0032385781928896905,
        0.0020568730304948986,
        0.002053058010991663,
        0.002825645975768566,
        0.002528316857293248,
        0.001990919657982886,
        0.0019379228865727782,
        0.002357177625410259,
        0.0018713479181751609,
        0.002201785322278738
    ],
    "training_time": 12.655941486358643,
    "model_details": "layers-3_neurons-64-64-64"
}