Complexity,Loss,Equation
1,0.2671492,"0.58046865"
4,0.03630189,"abs(x2 * 0.4236116)"
5,0.00037917733,"x2 * (x2 * 0.18295355)"
6,0.00032905262,"(abs(x2) * 0.4284391) ^ 1.9556638"
7,0.00032904238,"((x2 * 0.18358724) * x2) ^ 0.97772586"
