Complexity,Loss,Equation
1,0.8974287,"1.0525972"
2,0.29480422,"abs(x2)"
4,0.056901712,"abs(x2) + -0.487753"
5,0.0008993852,"(x2 * x2) * 0.3333728"
