Complexity,Loss,Equation
1,0.28362918,"0.7697425"
3,0.14232168,"0.8116232 ^ x1"
4,0.09660301,"exp(0.97528934 - x1)"
5,0.00072956504,"2.0434842 / (1.6468731 ^ x1)"
7,0.00046446413,"2.5736392 / ((1.7580979 ^ x1) + 0.2861853)"
10,0.00032449563,"cos((x1 / (x1 + 1.0599555)) * -1.8053998) * 1.9500563"
