Complexity,Loss,Equation
1,0.004634375,"0.08913433"
4,0.0011305806,"0.32138705 / exp(x1)"
5,0.000115294286,"(0.57501125 ^ x1) * 0.25571528"
6,0.00011480573,"sin((0.57294416 ^ x1) * 0.25801587)"
7,0.0001143615,"sin(sin((0.5708263 ^ x1) * 0.2603725))"
