Complexity,Loss,Equation
1,0.0021380177,"0.05452713"
4,0.0004833668,"exp(-1.5879931 - x1)"
5,8.724912e-5,"0.1576825 ^ (1.259104 ^ x1)"
6,8.705238e-5,"sin(0.15801316 ^ (1.2598617 ^ x1))"
7,8.6852015e-5,"sin(sin(0.15854123 ^ (1.2608633 ^ x1)))"
