Complexity,Loss,Equation
1,5.7523675,"2.7266808"
2,3.8096008,"abs(x2)"
3,0.38642392,"x2 * x2"
4,0.01072532,"abs(x2) ^ 1.8347198"
5,0.006483678,"x2 * (x2 * 0.8548506)"
7,0.005414882,"0.04901301 - ((x2 * x2) * -0.846263)"
