Complexity,Loss,Equation
1,0.54174495,"1.0513246"
3,0.106184766,"exp(cos(x1))"
4,0.10162876,"2.535994 ^ cos(x1)"
5,0.00030870453,"0.6004523 ^ (x1 + -2.0402687)"
6,0.00030865916,"abs(1.6657178 ^ (2.039901 - x1))"
