Complexity,Loss,Equation
1,0.43224147,"0.7302999"
3,0.3059001,"sqrt(abs(x2))"
4,0.032762405,"0.7502849 - cos(x2)"
5,0.00025417306,"(x2 * 0.23134829) * x2"
7,0.00024766586,"(x2 * (x2 * 0.23201996)) - 0.0038241649"
