Complexity,Loss,Equation
1,0.9494162,"1.0817956"
2,0.27252027,"abs(x2)"
4,0.062322717,"abs(x2) + -0.45847425"
5,0.00085895584,"(x2 * x2) * 0.34276047"
7,0.000685686,"x2 * (0.34257257 * (x2 + -0.021641137))"
