Complexity,Loss,Equation
1,0.1041613,"0.44211134"
3,0.0060204957,"0.65395075 ^ x1"
5,0.000441384,"(0.58953404 ^ x1) * 1.2265229"
7,0.00041752282,"((0.6036344 ^ x1) * 1.2407316) - 0.022158917"
