Complexity,Loss,Equation
1,0.00028966073,"0.009502952"
4,7.510759e-5,"0.052445382 / exp(x1)"
5,7.213323e-5,"(0.28375295 ^ x1) * 0.058368865"
6,6.565961e-5,"0.06259699 / (x1 + exp(x1))"
7,6.512399e-5,"0.06193828 / (sin(x1) + exp(x1))"
8,6.3985026e-5,"0.037158042 / (exp(x1 + -0.62296885) + x1)"
9,5.9325983e-5,"(-0.08268418 / ((-1.0968544 - x1) - x1)) + -0.010371239"
12,5.6686396e-5,"(cos(x1) * (sin(x1) - (sin(x1) / x1))) * -0.055454902"
