Complexity,Loss,Equation
1,0.0075322255,"0.11203035"
4,0.0013998804,"exp(-0.89024025 - x1)"
5,3.627606e-5,"0.3296246 / (1.7895898 ^ x1)"
6,3.492483e-5,"0.3309843 / exp(x1 / 1.7309709)"
