Complexity,Loss,Equation
1,0.0010092804,"0.03565079"
4,0.00014146385,"0.13890809 / exp(x1)"
5,8.058831e-5,"0.077483416 / (x1 + 0.5477537)"
6,7.236455e-5,"0.118155524 / (exp(x1) ^ 0.6773941)"
7,5.6178727e-5,"(0.15250003 / (x1 + 1.0168144)) - 0.019915372"
