Complexity,Loss,Equation
1,1.6168596,"1.4363369"
2,0.22089054,"abs(x2)"
4,0.09505976,"0.30997992 ^ cos(x2)"
5,0.0019272652,"x2 * (x2 * 0.45157653)"
7,0.0012858695,"((x2 * x2) * 0.46771443) ^ 0.967763"
