Complexity,Loss,Equation
1,0.002170154,"0.05512191"
4,0.00049452716,"exp(-1.5787697 - x1)"
5,0.000112267204,"(0.5569251 ^ x1) * 0.1678047"
6,9.224767e-5,"sin(0.52441746 ^ x1) * 0.19218755"
7,8.211406e-5,"sin(sin(0.5017385 ^ x1)) * 0.21203782"
