Complexity,Loss,Equation
1,0.6433053,"1.1525342"
3,0.51786023,"3.5999131 - x1"
4,0.19007422,"cos(x1) + 1.3369087"
5,0.00028852775,"(0.60354024 ^ x1) * 3.0835896"
6,0.00028851637,"exp(1.1261002 - (x1 / 1.9802245))"
8,0.0002763762,"exp((2.257588 - x1) / 2.003483) + -0.011860145"
