Complexity,Loss,Equation
1,5.2738357,"3.3675342"
3,0.99495095,"5.8148146 - x1"
5,0.00906575,"8.908626 / sqrt(exp(x1))"
6,0.006971079,"8.9206085 / sqrt(exp(abs(x1)))"
