Complexity,Loss,Equation
1,0.9058339,"1.3807095"
3,0.35824454,"3.8280814 - x1"
4,0.1331791,"abs(x1 + -3.594419)"
5,0.001037399,"(0.60853004 ^ x1) / 0.27363417"
7,0.0007526715,"3.7151093 * ((0.6263882 ^ x1) + -0.024220306)"
9,0.0005778333,"(((x1 * -0.0067619276) + 0.62991256) ^ x1) / 0.27739155"
10,0.00046969063,"(((cos(x1) * 0.015294145) + 0.6193015) ^ x1) / 0.27796692"
11,0.0003152318,"((((0.5945853 ^ x1) * 0.0673372) + 0.5945853) ^ x1) / 0.28070167"
