Complexity,Loss,Equation
1,1.2050904,"1.2215704"
2,0.20501913,"abs(x2)"
4,0.046896815,"0.33456406 ^ cos(x2)"
5,0.00092350977,"x2 * (0.3866517 * x2)"
7,0.0008726345,"x2 * ((x2 + -0.0104104085) * 0.3865533)"
