Complexity,Loss,Equation
1,0.0010092804,"0.035649505"
4,0.00014146388,"exp(-1.9739889 - x1)"
5,8.058832e-5,"0.07748364 / (x1 + 0.5477893)"
6,8.058428e-5,"sin(0.07794749 / (x1 - -0.5468026))"
7,5.7297828e-5,"(0.12395383 / (x1 + 0.82661766)) - 0.014144312"
10,5.7274763e-5,"sin((0.2482617 / (x1 + (x1 - -1.6495218))) - 0.014233663)"
