Complexity,Loss,Equation
1,4.955399,"3.2390504"
3,0.8841143,"5.6864176 - x1"
5,0.0061301016,"(0.60940576 ^ x1) * 8.554068"
7,0.006130072,"sqrt(exp((x1 * -0.99031055) + 4.292395))"
