Complexity,Loss,Equation
1,0.36495316,"0.67314947"
3,0.3311462,"sqrt(abs(x2))"
4,0.036366638,"0.69305956 - cos(x2)"
5,0.0003307338,"x2 * (x2 * 0.21291916)"
7,0.00031469573,"((-0.010592524 - x2) * -0.21297723) * x2"
