Complexity,Loss,Equation
1,0.00026167225,"0.010039468"
4,9.883457e-5,"exp(-3.0208478 - x1)"
5,8.042695e-5,"0.016395658 / (x1 + 0.2341981)"
6,8.042395e-5,"sin(0.016395658 / (x1 + 0.2341981))"
7,8.0423786e-5,"sin(abs(-0.016372103 / (x1 + 0.23360562)))"
