Complexity,Loss,Equation
1,2.336246,"1.1935227"
2,1.4367745,"abs(x2)"
4,1.2687888,"0.2984867 ^ cos(x2)"
5,0.8531675,"cos(x1) + abs(x2)"
6,0.8482444,"abs(cos(x1) + abs(x2))"
7,0.09949497,"x2 / ((x1 + 0.842039) / x2)"
