Complexity,Loss,Equation
1,0.055092115,"0.2706602"
4,0.0070027024,"abs(x2) * 0.1958362"
5,0.00018842064,"x2 * (x2 * 0.08429646)"
6,0.00013579139,"sin(x2 * (x2 * 0.090167634))"
