Complexity,Loss,Equation
1,4.7458344,"3.1700413"
3,0.8208526,"5.6173935 - x1"
5,0.006319146,"(0.60846853 ^ x1) * 8.382988"
7,0.005436542,"(0.5495684 ^ x1) * (x1 + 8.327341)"
8,0.004123768,"sin((0.5498456 ^ x1) - -0.027919179) * 9.511127"
11,0.0018904347,"(0.6018964 ^ x1) * (8.596241 - ((0.001035288 ^ x1) * 0.56650317))"
