Complexity,Loss,Equation
1,0.9058339,"1.3807236"
3,0.28928497,"exp(cos(x1))"
4,0.28312588,"cos(x1) + 1.5650429"
5,0.042448506,"exp(cos(x1 * 0.6136199))"
7,0.016154878,"exp(cos(x1 * 0.7061123)) * 1.148566"
