Complexity,Loss,Equation
1,0.1486876,"0.5507877"
3,0.027565414,"0.7203692 ^ x1"
5,0.00031168267,"(0.6007684 ^ x1) * 1.4822223"
6,0.00031168238,"exp((x1 * -0.50953406) - -0.39353412)"
7,0.00031145255,"((0.5995593 ^ x1) * 1.4807352) + 0.0022703402"
8,0.00014758573,"sin((0.53078 ^ x1) + 0.037186068) * 1.6802821"
