Complexity,Loss,Equation
1,0.1041613,"0.44211015"
3,0.0060204957,"0.65394616 ^ x1"
5,0.00044138424,"(0.5895353 ^ x1) / 0.8153067"
6,0.00027645013,"sin(0.5635137 ^ x1) * 1.3765513"
8,0.00016983,"sin((0.5357308 ^ x1) + 0.021271836) * 1.3954861"
