Complexity,Loss,Equation
1,0.08623362,"0.32962042"
4,0.011252474,"abs(x2) * 0.24090338"
5,0.00017614338,"x2 * (x2 * 0.103900015)"
6,0.00014710212,"x2 * sin(x2 * 0.10523556)"
7,0.00012295626,"(x2 * (x2 * 0.10213184)) ^ 0.96022916"
