Complexity,Loss,Equation
1,0.0119159855,"0.1504154"
4,0.0029888365,"exp(-0.628244 - x1)"
5,8.801262e-5,"(0.58370215 ^ x1) * 0.41980666"
7,7.250016e-5,"((0.5489995 ^ x1) * 0.41107693) + 0.016013915"
8,7.244944e-5,"sin(((0.53750265 ^ x1) * 0.42107373) + 0.018363656)"
