Complexity,Loss,Equation
1,3.8998518,"2.8486297"
3,0.5398986,"5.296092 - x1"
5,0.23978506,"-7.7593403 / (-0.92236793 - x1)"
6,0.09764001,"(cos(x1) + 5.4804807) - x1"
7,0.017917506,"((x1 / -5.7107368) + 1.675739) ^ 3.8277009"
9,0.011531789,"(x1 + -6.0652966) / ((-2.4533603 - x1) * 0.32270664)"
10,0.0040302896,"(x1 + 6.218061) / exp((0.2939893 - x1) * -0.62872255)"
