Complexity,Loss,Equation
1,0.9058339,"1.3806552"
3,0.28928497,"exp(cos(x1))"
4,0.1331791,"abs(x1 - 3.5944307)"
5,0.0010373986,"1.6433151 ^ (2.6090965 - x1)"
6,0.00091288565,"1.6433151 ^ (2.6090965 - abs(x1))"
