Complexity,Loss,Equation
1,0.1041613,"0.44211015"
3,0.0060204957,"0.65393883 ^ x1"
5,0.00044138465,"(0.58952284 ^ x1) / 0.81531984"
6,0.00038689084,"(0.5895007 ^ abs(x1)) * 1.2266434"
7,0.00038547072,"1.2304358 / exp(abs(x1) * 0.53033483)"
