Complexity,Loss,Equation
1,0.3173002,"0.8136363"
3,0.17287472,"exp(cos(x1))"
4,0.10748094,"exp(1.0125386 - x1)"
5,0.00070055923,"(0.6067002 ^ x1) * 2.1621969"
6,0.0005950271,"0.6057388 ^ (abs(x1) + -1.5437596)"
