Complexity,Loss,Equation
1,0.0013863433,"0.040019482"
4,0.00023440822,"exp(-1.8474605 - x1)"
5,7.711924e-5,"(0.52711004 ^ x1) * 0.13218936"
6,6.500122e-5,"sin(0.49506575 ^ x1) * 0.15117532"
9,5.1987743e-5,"((x1 * 0.15278919) + 0.11247279) * (0.2934902 ^ x1)"
