Complexity,Loss,Equation
1,0.00035723622,"0.013874448"
4,3.47094e-5,"0.06816545 / exp(x1)"
5,3.4695044e-5,"sin(0.06816545 / exp(x1))"
6,3.0314617e-5,"0.06229058 ^ sqrt(sqrt(exp(x1)))"
