Complexity,Loss,Equation
1,0.0119159855,"0.15041457"
4,0.0029888363,"exp(-0.6282073 - x1)"
5,8.801261e-5,"(0.5837042 ^ x1) * 0.41980362"
7,7.2500494e-5,"((0.548899 ^ x1) * 0.4110162) - -0.01607231"
