Complexity,Loss,Equation
1,4.7458344,"3.1700413"
3,0.8208526,"5.6175203 - x1"
5,0.0063191666,"(0.6084486 ^ x1) * 8.383119"
7,0.0058359797,"((0.61819744 ^ x1) * 8.455102) + -0.109848134"
