Complexity,Loss,Equation
1,0.5289978,"0.80695504"
3,0.28984967,"sqrt(abs(x2))"
4,0.036195416,"0.82692146 - cos(x2)"
5,0.00031758077,"x2 * (x2 * 0.2557641)"
7,0.0003055078,"((x2 * x2) * 0.25667968) + -0.005217717"
