Complexity,Loss,Equation
1,0.107345685,"0.44990644"
3,0.007051049,"0.6594149 ^ x1"
4,0.007043919,"tanh(x1) / x1"
5,0.0004513349,"(0.59044766 ^ x1) * 1.2455189"
6,0.00022346154,"sin(0.5588257 ^ x1) * 1.4244535"
12,0.00022346148,"sin((((x1 * 0.35931125) / x1) ^ 0.5685062) ^ x1) * 1.4244527"
