Complexity,Loss,Equation
1,3.0810866,"1.9991535"
2,1.0501987,"abs(x2)"
4,0.07285669,"abs(x2) ^ 1.5066391"
5,0.0041257516,"x2 * (x2 * 0.62624407)"
7,0.0041029043,"((x2 * x2) - -0.0010545682) * 0.62624407"
