Complexity,Loss,Equation
1,0.00036188719,"0.014421553"
4,3.3865002e-5,"0.069539525 / exp(x1)"
5,3.3845314e-5,"sin(0.0695751 / exp(x1))"
6,2.9253615e-5,"0.09281851 / (exp(x1) + 0.49489242)"
