Complexity,Loss,Equation
1,0.094410285,"0.34340805"
4,0.0124798305,"abs(x2) * 0.25131765"
5,0.00017271971,"(x2 * 0.10845597) * x2"
6,0.00014244755,"x2 * sin(x2 * 0.10997721)"
7,0.00012927056,"((x2 * x2) * 0.10702288) ^ 0.9654751"
