Complexity,Loss,Equation
1,0.111536115,"0.371332"
4,0.015050241,"abs(x2) * 0.27214903"
5,0.00017665263,"(x2 * 0.11755024) * x2"
6,0.00014843178,"abs(x2 * 0.34155202) ^ 1.949083"
7,0.00014842633,"((x2 * x2) * 0.11664991) ^ 0.9742077"
