Complexity,Loss,Equation
1,0.08794696,"0.332556"
4,0.011505024,"abs(x2) * 0.2431317"
5,0.0001743736,"x2 * (x2 * 0.10487328)"
6,0.00014497674,"sin(x2 * 0.10624821) * x2"
7,0.00012307086,"(x2 * (x2 * 0.10317573)) ^ 0.96132725"
