Complexity,Loss,Equation
1,0.03582122,"0.25988048"
3,0.0066332566,"0.4617052 ^ x1"
4,0.0024018667,"sin(0.48890993 ^ x1)"
5,0.00027043652,"(0.5834123 ^ x1) * 0.7264808"
6,0.00026868907,"(0.58238024 ^ abs(x1)) * 0.7286722"
7,0.00023786706,"0.023220452 - ((0.55479103 ^ x1) * -0.7134601)"
