Complexity,Loss,Equation
1,1.1255023,"1.5389947"
3,0.2781035,"3.9863284 - x1"
4,0.09520421,"abs(x1 + -3.7673771)"
5,0.0009805938,"1.6444981 ^ (2.8248527 - x1)"
6,0.0007750115,"0.6080929 ^ (abs(x1) - 2.8247237)"
7,0.00072650425,"((0.6217042 ^ x1) - 0.018230338) / 0.24239948"
