Complexity,Loss,Equation
1,0.0002979376,"0.01600948"
4,0.00010739353,"0.063493624 / exp(x1)"
5,7.7682205e-5,"0.029176692 / (x1 + 0.38579547)"
7,7.7682176e-5,"0.058332436 / (x1 + (x1 + 0.7711751))"
8,4.7785834e-5,"0.06621363 / ((cos(x1) + 2.5760865) ^ x1)"
