Complexity,Loss,Equation
1,1.1361254,"1.1842226"
2,0.21707937,"abs(x2)"
4,0.03469024,"0.31331003 ^ cos(x2)"
5,0.00082214066,"(x2 * 0.37509483) * x2"
7,0.00081766874,"((x2 * x2) * 0.37624902) ^ 0.99647903"
