Complexity,Loss,Equation
1,0.08390618,"0.39037457"
3,0.0013780695,"0.6141512 ^ x1"
5,0.0003640605,"(0.5833611 ^ x1) * 1.0991528"
6,0.00019999564,"sin(0.5515468 ^ x1) * 1.2569897"
7,0.00018264078,"sqrt(sin(0.32296678 ^ x1) * 1.3442682)"
