Complexity,Loss,Equation
1,0.4230657,"0.7227465"
3,0.30856124,"sqrt(abs(x2))"
4,0.03290313,"0.7427134 - cos(x2)"
5,0.00026238765,"(x2 * 0.22891669) * x2"
7,0.0002567824,"((x2 * x2) - 0.0154691795) * 0.22954042"
