Complexity,Loss,Equation
1,6.3170905,"2.8705642"
2,4.5350294,"abs(x2)"
3,0.1974625,"x2 * x2"
4,0.007045865,"abs(x2) ^ 1.8852504"
5,0.0070458585,"sqrt(abs(x2) ^ 3.7705142)"
