Complexity,Loss,Equation
1,0.39673015,"0.9089593"
3,0.12526391,"exp(cos(x1))"
4,0.09145895,"exp(sin(cos(x1)))"
5,0.00061295537,"(0.60600704 ^ x1) * 2.4190295"
7,0.00055854046,"((0.6172803 ^ x1) * 2.4431646) - 0.036624465"
