Complexity,Loss,Equation
1,3.8388827,"2.838814"
3,0.5202291,"5.285992 - x1"
5,0.22100559,"-7.7098293 / (-0.91869426 - x1)"
6,0.10418615,"5.4703617 - (x1 - cos(x1))"
7,0.06431192,"(-13.438859 / (-1.3679552 - x1)) + -1.3366838"
9,0.009939135,"(x1 + -6.098185) / ((-2.3023112 - x1) * 0.33866423)"
10,0.002434654,"(x1 + 6.188717) / exp((0.2919475 - x1) * -0.62782073)"
