Complexity,Loss,Equation
1,6.97203,"3.0371368"
2,5.438371,"abs(x2)"
3,0.06736185,"x2 * x2"
4,0.0108872,"abs(x2) ^ 1.9391692"
5,0.010887196,"sqrt(abs(x2) ^ 3.8783374)"
