Complexity,Loss,Equation
1,4.955399,"3.2392404"
3,0.8841144,"5.6863947 - x1"
5,0.0061300034,"(0.6094343 ^ x1) * 8.553255"
6,0.005259188,"sin(0.5788529 ^ x1) * 9.773669"
7,0.004588335,"(0.5514988 ^ x1) * (x1 + 8.497133)"
8,0.0025960673,"(sin(0.15118277 ^ x1) ^ 0.26530808) * 8.681034"
12,0.0025960668,"(((sin(0.15118277 ^ x1) ^ 0.26530808) * 8.681034) + x1) - x1"
