Complexity,Loss,Equation
1,4.2372546,"2.9680688"
3,0.6508745,"5.4155006 - x1"
5,0.007309411,"7.8096805 / (1.6294969 ^ x1)"
7,0.0057034106,"8.770032 / ((1.684527 ^ x1) - -0.12709014)"
