Complexity,Loss,Equation
1,0.12587766,"0.5045613"
3,0.015353632,"0.69494146 ^ x1"
5,0.00035210018,"0.5991392 ^ (x1 + -0.6044815)"
6,0.00032853603,"(0.59811777 ^ abs(x1)) * 1.3669058"
