Complexity,Loss,Equation
1,0.004634375,"0.08913456"
4,0.0011305806,"exp(-1.1351098 - x1)"
5,0.00011529427,"(0.5750317 ^ x1) * 0.2557065"
6,0.00011480572,"sin((0.57294494 ^ x1) * 0.25800902)"
10,0.00011480096,"sin((((0.44519696 ^ x1) ^ 0.6907157) * 0.2578089) + 0.0003433453)"
