Complexity,Loss,Equation
1,3.8998518,"2.848685"
3,0.5398986,"5.296092 - x1"
5,0.23978505,"-7.759105 / (-0.9223793 - x1)"
6,0.09764,"(cos(x1) + 5.4804845) - x1"
7,0.012607231,"(-24.409351 / (-2.293133 - x1)) - 2.8765147"
