Complexity,Loss,Equation
1,0.7510067,"0.9656064"
2,0.3801628,"abs(x2)"
3,0.31687677,"sqrt(abs(x2))"
4,0.049871325,"abs(x2) + -0.5747099"
5,0.00073978095,"(x2 * x2) * 0.30544406"
7,0.0007249915,"x2 * ((x2 * 0.30538884) + -0.0021660363)"
