Complexity,Loss,Equation
1,3.8388827,"2.8386235"
3,0.52022916,"5.285989 - x1"
5,0.0026469382,"7.5399065 / sqrt(exp(x1))"
6,0.0018521436,"7.549704 / sqrt(exp(abs(x1)))"
