Complexity,Loss,Equation
1,0.042174257,"0.27373683"
3,0.0043472853,"0.4864277 ^ x1"
4,0.0009720501,"sin(0.5038287 ^ x1)"
5,0.0001250275,"(0.5770914 ^ x1) * 0.7810521"
6,0.00012502738,"sqrt(0.33304143 ^ x1) * 0.78103715"
8,0.00012367291,"0.7805587 * sqrt((0.33190307 ^ x1) - -0.0008440963)"
