Complexity,Loss,Equation
1,0.1500846,"0.43266556"
4,0.020153532,"abs(x2) * 0.3165818"
5,0.00023963506,"x2 * (x2 * 0.13669853)"
6,0.00019604908,"(abs(x2) * 0.36900192) ^ 1.9453113"
7,0.00019604528,"(x2 * (x2 * 0.1361555)) ^ 0.9724293"
