Complexity,Loss,Equation
1,0.07808469,"0.31539807"
4,0.010059614,"abs(x2) * 0.23008145"
5,0.00019442062,"x2 * (x2 * 0.09916483)"
6,0.00016725044,"x2 * sin(x2 * 0.10032644)"
7,0.00014430787,"sin(sin(x2 * 0.10151706)) * x2"
