Complexity,Loss,Equation
1,0.08381199,"0.32546124"
4,0.010894975,"abs(x2 * 0.23773645)"
5,0.00018039288,"(x2 * 0.102514915) * x2"
6,0.00015182924,"x2 * sin(x2 * 0.103797555)"
7,0.00012845224,"sin(sin(x2 * 0.105115205)) * x2"
