Complexity,Loss,Equation
1,0.3173002,"0.8136507"
3,0.17838648,"0.82581985 ^ x1"
4,0.10717566,"exp(1.0314127 - x1)"
5,0.00070055964,"(0.60667706 ^ x1) * 2.162271"
7,0.00064270804,"((0.61989236 ^ x1) + -0.017600682) * 2.1875536"
9,0.00047343675,"(0.5038714 ^ x1) * ((x1 * 0.530404) + 2.1132247)"
