Complexity,Loss,Equation
1,0.0818419,"0.32207102"
4,0.01060075,"abs(x2 * 0.23514839)"
5,0.00018473974,"x2 * (x2 * 0.1013802)"
6,0.00015648916,"x2 * sin(x2 * 0.10262037)"
7,0.00012567309,"((x2 * 0.099402316) * x2) ^ 0.95710605"
