Complexity,Loss,Equation
1,6.904837,"3.021586"
2,5.3469257,"abs(x2)"
3,0.07603707,"x2 * x2"
5,0.016215187,"x2 * (0.9424073 * x2)"
6,0.010063868,"(x2 * x2) ^ exp(-0.034222547)"
7,0.010063362,"(x2 * x2) ^ exp(sin(-0.034222547))"
