Complexity,Loss,Equation
1,0.006693631,"0.109783344"
4,0.0016048248,"exp(-0.9368451 - x1)"
5,0.00010429395,"(0.5775158 ^ x1) * 0.3115683"
7,0.000100345555,"(0.5510339 ^ (x1 - -1.9819322)) - -0.008914679"
