Complexity,Loss,Equation
1,5.583337,"2.6834364"
2,3.6010942,"abs(x2)"
3,0.45762733,"x2 * x2"
4,0.012629999,"abs(x2) ^ 1.8186884"
5,0.0056264875,"x2 * (x2 * 0.841699)"
7,0.0056252396,"((x2 - 0.0007473692) * x2) * 0.8416789"
