Complexity,Loss,Equation
1,0.006693631,"0.10976639"
4,0.0016046223,"exp(-0.9334145 - x1)"
5,0.00010429396,"(0.5775122 ^ x1) * 0.31157055"
