Complexity,Loss,Equation
1,0.107345685,"0.44996044"
3,0.007051049,"0.6594205 ^ x1"
5,0.0004513352,"(0.59043163 ^ x1) * 1.2455"
7,0.00042542993,"((0.60509515 ^ x1) * 1.260244) + -0.02327675"
9,0.00035744545,"(((0.8439579 ^ x1) * 0.75642514) ^ x1) - -0.13486281"
