Complexity,Loss,Equation
1,0.00026167225,"0.010037135"
4,9.883456e-5,"0.048766844 / exp(x1)"
5,8.042699e-5,"0.0163997 / (x1 + 0.23426563)"
6,8.0424e-5,"sin(0.0163997 / (x1 + 0.23426563))"
8,7.895738e-5,"0.028550504 / (x1 + exp(x1 - 0.8845296))"
9,7.374192e-5,"0.0215636 / (sin(x1) + (exp(x1) * 0.30524516))"
