Complexity,Loss,Equation
1,0.10963668,"0.36826232"
4,0.0147688165,"abs(x2) * 0.26989454"
5,0.00017564316,"(x2 * 0.11656736) * x2"
6,0.00014426341,"x2 * sin(x2 * 0.11845896)"
