Complexity,Loss,Equation
1,0.9058339,"1.3807095"
3,0.35824454,"3.8280964 - x1"
4,0.28312588,"cos(x1) + 1.5650247"
5,0.0010374028,"3.6548634 / (1.6434066 ^ x1)"
6,0.0010373995,"exp((x1 * -0.4967657) + 1.2960125)"
9,0.0005308437,"-0.49071923 - (-3.9856572 / ((0.4466467 ^ x1) + x1))"
10,0.00047697025,"(x1 + 4.3385015) / exp((-0.29061207 - x1) * -0.6678583)"
