{
    "train_loss": [
        0.4786713705062866,
        0.3315579048395157,
        0.3267310255765915,
        0.32451775181293485,
        0.32327728569507597,
        0.3234669016599655,
        0.32407788157463074,
        0.3239074990153313,
        0.3238980906009674,
        0.3229990885257721,
        0.3229072794318199,
        0.32235746639966967,
        0.32042812871932985,
        0.32397415256500245,
        0.3211558327376843,
        0.3205820960402489,
        0.32025151014328,
        0.3208604565262794,
        0.3199862538576126,
        0.32051801949739456,
        0.3200253336429596,
        0.31991243386268614,
        0.31874257189035415,
        0.3201381322145462,
        0.3219303286075592
    ],
    "validation_loss": [
        0.33781980848312376,
        0.32172238183021545,
        0.3253480327129364,
        0.3248625235557556,
        0.3270372786521912,
        0.3207518963813782,
        0.3260569243431091,
        0.3273459324836731,
        0.32397855567932127,
        0.31764754819869995,
        0.3312346000671387,
        0.3214825670719147,
        0.322049453496933,
        0.32088665175437925,
        0.3207905945777893,
        0.3226480705738068,
        0.32705626559257506,
        0.3177829029560089,
        0.3222728159427643,
        0.3188157317638397,
        0.32131216263771056,
        0.321130286693573,
        0.31779838681221007,
        0.3224333291053772,
        0.3290494635105133
    ],
    "training_time": 9.99072527885437,
    "model_details": "layers-3_neurons-64-64-64"
}