{
    "train_loss": [
        0.05186474190466106,
        0.002733896589372307,
        0.0028330992609262467,
        0.002767449733801186,
        0.0027237213370390236,
        0.0029743746900931,
        0.002756798030808568,
        0.0027599161602556706,
        0.0027956852493807673,
        0.0028372455588541925,
        0.0027150921775028107,
        0.0027803636393509807,
        0.0027953814482316376,
        0.0028100604214705525,
        0.002869251556228846,
        0.0027591971722431483
    ],
    "validation_loss": [
        0.0025157250966876747,
        0.0026339209601283073,
        0.0029284825436770917,
        0.002710726277902722,
        0.003307917010039091,
        0.002666779154911637,
        0.0025630316222086547,
        0.002558841049671173,
        0.0025729803889989853,
        0.0026835969388484954,
        0.0026633127760142088,
        0.0025434065721929074,
        0.0025678832996636628,
        0.002638066004961729,
        0.002790226956829429,
        0.0026421221531927586
    ],
    "training_time": 6.526197195053101,
    "model_details": "layers-3_neurons-64-64-64"
}