{
    "train_loss": [
        0.16691345736011862,
        0.01071556465793401,
        0.0070483462661504745,
        0.006223396549932658,
        0.005770807476714253,
        0.0054377315491437915,
        0.0055803437661379575,
        0.005456802952568978,
        0.006034665033221245,
        0.005812038921751082,
        0.004991839954629541,
        0.005289671952370554,
        0.005218364749103785,
        0.005266977623105049,
        0.005057602536864578,
        0.004834713614545762,
        0.0049821702856570485,
        0.005315266752615571,
        0.004780755853280425,
        0.004992950177751481,
        0.004896375583484769,
        0.004500710237771273,
        0.0051910126926377415,
        0.004994423880241811,
        0.004819508539512753,
        0.0051392147717997435,
        0.004482021822594106,
        0.004965859992429614,
        0.005015442405827343,
        0.004655235970392823,
        0.005214969997294247,
        0.004626390030607581,
        0.004853045817930252,
        0.004925706723704934,
        0.004955869289115071,
        0.004678996170405299,
        0.004903311344794929,
        0.004689771892502904,
        0.00466677129175514,
        0.004780027400702238,
        0.004403313549235463,
        0.00457275217352435,
        0.004444144662935287,
        0.004501404510810971,
        0.004610989935230464,
        0.004500732348300516,
        0.0047111712647601965,
        0.005029767042957246,
        0.0046496721371077,
        0.004702877666801214,
        0.004530522607266903,
        0.004493654274847358,
        0.004519500418566167,
        0.004504203805234283,
        0.004613932674750685
    ],
    "validation_loss": [
        0.02065502327680588,
        0.00808452763222158,
        0.00787817108258605,
        0.006323523111641407,
        0.005345825348049402,
        0.006107951279729604,
        0.005209714706987142,
        0.01497797954827547,
        0.005245744552463293,
        0.004515596129000187,
        0.004610188703984022,
        0.004701334582641721,
        0.007081148285418749,
        0.004666443662717939,
        0.004820681476965546,
        0.005011238078586757,
        0.0044041012302041055,
        0.006807795375585556,
        0.004935884831473231,
        0.00471416212245822,
        0.00465751089528203,
        0.0049775073751807215,
        0.006978814881294966,
        0.0048976083528250456,
        0.0045183462742716075,
        0.00514608059078455,
        0.004257058529183269,
        0.007115726344287396,
        0.004332042921334505,
        0.0043244345970451835,
        0.005272390337660909,
        0.004352692726999521,
        0.00468637478724122,
        0.004198529504239559,
        0.005123056430369616,
        0.0044347420800477265,
        0.00445699692890048,
        0.004958958700299263,
        0.004744796440005302,
        0.004070167936384678,
        0.004323939129710197,
        0.004993150856345892,
        0.004543809177353978,
        0.005833823759108782,
        0.005144539400935173,
        0.004706953790038824,
        0.004462441442534328,
        0.004335349878296256,
        0.00428405599668622,
        0.004291564067825675,
        0.005475617740303278,
        0.004181720543652773,
        0.0048838966898620126,
        0.004756499519571662,
        0.004311813075095415
    ],
    "training_time": 21.782941102981567,
    "model_details": "layers-3_neurons-64-64-64"
}