{
    "train_loss": [
        0.3958714121133089,
        0.17164774191379548,
        0.11574138309806585,
        0.09174408807605505,
        0.07597063369676471,
        0.06507198956981301,
        0.058610599782317876,
        0.047445075009018185,
        0.048679494820535185,
        0.04831996400654316,
        0.04469185185059905,
        0.04631665327399969,
        0.043051868498325346,
        0.036062812380492686,
        0.035375069960951806,
        0.04049471105262637,
        0.04258041412383318,
        0.03633017221093178,
        0.03595219830051064,
        0.03458576277643442,
        0.040949987735599276,
        0.03199058868736029,
        0.0300982336550951,
        0.03556966383382678,
        0.0278441844470799,
        0.03274997609108687,
        0.029146344672888517,
        0.029207269556820393,
        0.03290245210751891,
        0.03465012565255165,
        0.030137653782963753,
        0.02771334372460842,
        0.030534199137240647,
        0.030982765562832356,
        0.027814020801335573,
        0.02840526233240962,
        0.02863243529200554,
        0.02946661201119423,
        0.03358237760141492,
        0.02550757886096835,
        0.028293137654662133,
        0.03815827262401581,
        0.029814655262976886,
        0.0311924353428185,
        0.030768096389248968,
        0.029472173139452933,
        0.02405756801366806,
        0.025503197465091942,
        0.027946133237332107,
        0.02648983035981655,
        0.02511067645996809,
        0.027058201104402543,
        0.02932619443908334,
        0.027316785145550967,
        0.027688997376710177,
        0.024761963058263062,
        0.0242771536745131,
        0.02274354963377118,
        0.03689413354545832,
        0.027424743980169298
    ],
    "validation_loss": [
        0.16349927800893785,
        0.11371702164411544,
        0.07977713716030121,
        0.06534234404563904,
        0.04865790714323521,
        0.06415272071957588,
        0.05135439503192902,
        0.04227048341929913,
        0.035877612993121144,
        0.03668510866165161,
        0.029069923177361488,
        0.03262619011104107,
        0.03177566424012184,
        0.05679141397774219,
        0.02519014510512352,
        0.100404870480299,
        0.027254032626748085,
        0.029295810386538505,
        0.028058074116706848,
        0.0286376221626997,
        0.026728994742035866,
        0.025107849538326264,
        0.03337334914505482,
        0.026014918953180314,
        0.027882517382502556,
        0.024956586182117463,
        0.02549791346490383,
        0.02722608484327793,
        0.0339925444573164,
        0.024579961270093917,
        0.029449812650680543,
        0.02423711170256138,
        0.026479505464434623,
        0.023798550188541413,
        0.022777919590473174,
        0.03874410316348076,
        0.031486251115798954,
        0.03256868889927864,
        0.02377286560833454,
        0.022831403359770776,
        0.027296491771936417,
        0.02820053917169571,
        0.02926059754192829,
        0.022840933144092558,
        0.02184497916698456,
        0.026925164267420768,
        0.023546176180243492,
        0.028755644842982292,
        0.038379096388816834,
        0.02678174230456352,
        0.029002751037478448,
        0.037066463947296145,
        0.02343375150859356,
        0.030373105213046075,
        0.024942626252770425,
        0.030171604961156846,
        0.03511753472685814,
        0.02292017151415348,
        0.024234554946422578,
        0.027137950018048286
    ],
    "training_time": 23.97338032722473,
    "model_details": "layers-3_neurons-64-64-64"
}