{
    "train_loss": [
        0.6062109636068345,
        0.5218508880138397,
        0.5173930746316909,
        0.5152884421348571,
        0.5122266362905502,
        0.5141934909820557,
        0.5120672404766082,
        0.5094786680936814,
        0.5115770694017411,
        0.5128350473642349,
        0.5096339662075042,
        0.5099039906263352,
        0.5111934624910355,
        0.5091119256019593,
        0.5101660435795784,
        0.5100190616250038,
        0.5086216337680817,
        0.5096967308521271,
        0.5076887387633323,
        0.5084296483397484,
        0.5057166036367416,
        0.5055287923812867
    ],
    "validation_loss": [
        0.508490152835846,
        0.4926647531986237,
        0.5003210587501525,
        0.4871798508167267,
        0.48566853141784666,
        0.49434470129013064,
        0.4821718313694,
        0.48833073949813843,
        0.4854859907627106,
        0.48800203132629394,
        0.49441475605964663,
        0.4939735562801361,
        0.4924161264896393,
        0.49170587396621707,
        0.48440039944648744,
        0.4894298715591431,
        0.4921644341945648,
        0.4958834362030029,
        0.5028228313922882,
        0.4837297601699829,
        0.4850783574581146,
        0.498187103509903
    ],
    "training_time": 8.534135341644287,
    "model_details": "layers-3_neurons-64-64-64"
}