Complexity,Loss,Equation
1,0.6433053,"1.1524956"
3,0.51786023,"3.5999146 - x1"
4,0.1290391,"exp(cos(abs(x1)))"
5,0.00028851558,"(0.603489 ^ x1) * 3.083665"
7,0.00023797939,"3.2230377 / ((1.6778748 ^ x1) + 0.04926443)"
9,0.00021503492,"((0.45935667 ^ x1) + 0.013258278) * (x1 + 2.990302)"
