Complexity,Loss,Equation
1,0.39673015,"0.9089622"
3,0.27158034,"0.8538878 ^ x1"
4,0.13054915,"cos(x1) + 1.0933325"
5,0.00061295554,"(0.6059963 ^ x1) * 2.4190357"
6,0.00032484994,"sin(0.5749891 ^ x1) * 2.7651029"
8,8.279856e-5,"sin((0.5492293 ^ x1) + 0.02588622) * 2.7463014"
