Complexity,Loss,Equation
1,0.6433053,"1.1525344"
3,0.1290391,"exp(cos(x1))"
5,0.015675137,"exp(cos(x1 * 0.74209505))"
6,0.0005247853,"exp((x1 * -0.5051401) + 1.1371238)"
7,0.000418534,"exp(1.1371238 + (abs(x1) * -0.5051401))"
