Complexity,Loss,Equation
1,0.042174257,"0.27373683"
3,0.0043472853,"0.48642963 ^ x1"
4,0.0009706026,"sin(0.50554544 ^ x1)"
5,0.00022573849,"sin(sin(0.5176811 ^ x1))"
7,8.0994294e-5,"sin(sin((0.46369043 ^ x1) - -0.0416885))"
