Complexity,Loss,Equation
1,0.0977257,"0.42598388"
3,0.004180299,"0.6422505 ^ x1"
5,0.00042378154,"0.58760524 ^ (x1 + -0.32287174)"
6,0.0003700634,"(0.58645594 ^ abs(x1)) * 1.1911236"
7,0.00037006338,"sqrt((0.34392622 ^ abs(x1)) * 1.4187964)"
