Complexity,Loss,Equation
1,0.107345685,"0.44990107"
3,0.007051049,"0.659418 ^ x1"
5,0.00045133493,"0.5904461 ^ (x1 + -0.41670072)"
6,0.00039420684,"0.5893371 ^ (abs(x1) + -0.42108446)"
7,0.00039420667,"0.58933824 ^ (abs(abs(x1)) + -0.42111626)"
