Complexity,Loss,Equation
1,1.8038341,"1.9443744"
3,0.19084394,"4.391782 - x1"
4,0.11355379,"abs(x1 - 4.2443876)"
5,0.099932425,"5.256597 / (x1 + 0.9112838)"
6,0.094125636,"17.323652 / (exp(x1) + 2.2974396)"
7,0.0057369065,"-2.5790207 - (-22.383324 / (x1 + 2.9120936))"
